,City,Lat,Lon,Max Temp,Humidity,Cloudiness,Wind Speed,Country,Date
0,maxixe,-23.8597,-23.8597,22.31,89,0,4.03,MZ,1619562289
1,angoche,-16.2325,-16.2325,24.88,86,27,0.74,MZ,1619562114
2,rikitea,-23.1203,-23.1203,25.29,70,12,4.58,PF,1619562289
3,lagoa,39.05,39.05,15.38,81,100,6.13,PT,1619562290
4,vestmannaeyjar,63.4427,63.4427,7.08,78,47,8.72,IS,1619562290
5,valley city,46.9233,46.9233,16.0,44,1,3.09,US,1619562291
6,axim,4.8699,4.8699,27.88,82,77,4.57,GH,1619562291
7,albany,42.6001,42.6001,19.44,24,95,0.61,US,1619562292
8,geraldton,-28.7667,-28.7667,13.0,82,16,2.06,AU,1619562292
9,qaanaaq,77.484,77.484,3.71,93,100,2.0,GL,1619562081
10,new norfolk,-42.7826,-42.7826,8.89,91,91,1.35,AU,1619562293
11,bluff,-46.6,-46.6,9.44,78,100,4.02,NZ,1619562247
12,atbasar,51.8,51.8,15.88,79,100,8.16,KZ,1619562294
13,rosita,13.9268,13.9268,30.96,47,100,1.16,NI,1619562294
14,acapulco,16.8634,16.8634,29.0,70,20,4.63,MX,1619562295
15,katsuura,35.1333,35.1333,16.67,77,75,1.03,JP,1619562295
16,cayenne,4.9333,4.9333,24.44,94,0,0.51,GF,1619562296
17,atuona,-9.8,-9.8,26.47,72,96,6.24,PF,1619562296
18,arandis,-22.4167,-22.4167,16.11,89,0,0.89,NA,1619562297
19,sao filipe,14.8961,14.8961,22.66,76,12,5.48,CV,1619562297
20,belgrade,44.804,44.804,9.44,93,0,2.06,RS,1619562603
21,hearst,49.6835,49.6835,9.0,57,100,1.03,CA,1619562298
22,hermanus,-34.4187,-34.4187,14.44,91,100,2.77,ZA,1619562298
23,belomorsk,64.5232,64.5232,-1.22,78,100,1.47,RU,1619562299
24,norman wells,65.282,65.282,-3.0,28,75,7.2,CA,1619562300
25,yellowknife,62.456,62.456,-6.11,49,75,5.14,CA,1619562300
26,middletown,39.5151,39.5151,28.0,34,1,8.75,US,1619562301
27,butaritari,3.0707,3.0707,28.04,76,71,5.01,KI,1619562301
28,pereleshinskiy,51.7148,51.7148,1.0,86,0,3.0,RU,1619562302
29,tateyama,34.9833,34.9833,17.22,77,75,1.03,JP,1619562302
30,dajal,29.5577,29.5577,33.42,10,43,3.6,PK,1619562303
31,huaiyuan,32.973,32.973,13.45,72,78,2.5,CN,1619562303
32,mumford,5.2618,5.2618,28.18,83,88,5.35,GH,1619562304
33,mataura,-46.1927,-46.1927,9.44,78,100,4.02,NZ,1619562304
34,batagay,67.6333,67.6333,-8.18,89,100,2.47,RU,1619562305
35,lasem,-6.6922,-6.6922,24.22,84,42,2.75,ID,1619562305
36,longyearbyen,78.2186,78.2186,-9.0,79,90,1.54,SJ,1619562052
37,atima,14.9333,14.9333,32.0,37,75,3.09,HN,1619562306
38,port alfred,-33.5906,-33.5906,18.31,83,67,5.43,ZA,1619562306
39,asfi,32.2994,32.2994,17.58,82,18,2.63,MA,1619562307
40,skibbereen,51.55,51.55,8.0,81,40,4.63,IE,1619562307
41,avarua,-21.2078,-21.2078,28.0,74,40,4.63,CK,1619562080
42,codrington,-38.2667,-38.2667,9.3,88,41,2.0,AU,1619562308
43,pilar,-9.5972,-9.5972,26.0,83,0,3.09,BR,1619562309
44,chokurdakh,70.6333,70.6333,-3.43,87,100,0.79,RU,1619562056
45,upernavik,72.7868,72.7868,0.39,87,78,8.84,GL,1619562257
46,luderitz,-26.6481,-26.6481,15.11,85,4,2.71,NA,1619562310
47,morristown,36.214,36.214,27.0,44,1,2.06,US,1619562199
48,burnie,-41.0667,-41.0667,10.56,91,28,0.89,AU,1619562125
49,avera,33.194,33.194,28.0,39,1,3.6,US,1619562311
50,hilo,19.7297,19.7297,29.0,51,20,3.09,US,1619562280
51,khoni,42.3226,42.3226,8.0,100,40,1.54,GE,1619562312
52,sobolevo,54.4299,54.4299,1.78,96,99,3.31,RU,1619562313
53,mount isa,-20.7333,-20.7333,20.0,42,0,2.06,AU,1619562314
54,kavieng,-2.5744,-2.5744,28.52,72,44,2.93,PG,1619562314
55,ilulissat,69.2167,69.2167,2.0,69,75,1.54,GL,1619562315
56,busselton,-33.65,-33.65,12.22,97,40,1.68,AU,1619562053
57,ingham,42.6,42.6,26.0,38,40,3.6,US,1619562316
58,pevek,69.7008,69.7008,-8.8,93,97,3.47,RU,1619562060
59,hobart,-42.8794,-42.8794,10.0,81,75,2.57,AU,1619562047
60,ushuaia,-54.8,-54.8,6.0,93,75,0.34,AR,1619562317
61,cape town,-33.9258,-33.9258,15.56,88,0,2.06,ZA,1619562213
62,tabou,4.423,4.423,27.03,83,91,3.06,CI,1619562318
63,smithers,54.7804,54.7804,7.0,76,90,4.63,CA,1619562218
64,chegdomyn,51.1167,51.1167,6.87,91,100,1.76,RU,1619562319
65,linhares,-19.3911,-19.3911,22.83,83,83,1.78,BR,1619562319
66,port elizabeth,-33.918,-33.918,16.0,82,40,4.63,ZA,1619562252
67,prince rupert,54.3161,54.3161,8.0,81,90,8.23,CA,1619562321
68,rawson,-43.3002,-43.3002,20.21,35,100,4.13,AR,1619562322
69,kazerun,29.6195,29.6195,22.89,24,46,1.27,IR,1619562322
70,charleston,32.7766,32.7766,24.0,73,1,3.6,US,1619562315
71,jamestown,42.097,42.097,23.0,43,1,4.12,US,1619562154
72,sainte-marie,-20.8968,-20.8968,24.0,78,90,4.63,RE,1619562324
73,batemans bay,-35.7167,-35.7167,14.44,88,100,1.34,AU,1619562261
74,fairbanks,64.8378,64.8378,7.78,21,75,4.63,US,1619562326
75,hede,33.7681,33.7681,13.95,94,100,2.65,CN,1619562327
76,castro,-24.7911,-24.7911,15.0,66,0,0.33,BR,1619562327
77,topeka,39.0483,39.0483,25.0,57,1,5.14,US,1619562328
78,kruisfontein,-34.0033,-34.0033,14.44,85,57,0.45,ZA,1619562329
79,meulaboh,4.1363,4.1363,25.19,89,97,1.71,ID,1619562329
80,chuy,-33.6971,-33.6971,13.41,74,0,3.15,UY,1619562330
81,carnarvon,-24.8667,-24.8667,16.0,77,0,3.09,AU,1619562330
82,rabo de peixe,37.8,37.8,15.0,82,75,5.14,PT,1619562331
83,baykit,61.67,61.67,-4.9,96,22,1.24,RU,1619562331
84,naze,28.3667,28.3667,21.0,60,75,6.17,JP,1619562332
85,khuzhir,53.1939,53.1939,-5.7,75,3,2.5,RU,1619562332
86,ambilobe,-13.2,-13.2,22.26,94,22,1.49,MG,1619562332
87,ostrovnoy,68.0531,68.0531,-4.62,84,100,3.37,RU,1619562333
88,asau,46.4333,46.4333,5.0,87,90,1.03,RO,1619562045
89,vila franca do campo,37.7167,37.7167,15.0,82,75,5.14,PT,1619562154
90,dakar,14.6937,14.6937,20.0,94,77,5.14,SN,1619562285
91,mar del plata,-38.0023,-38.0023,18.33,77,0,1.54,AR,1619562051
92,barrow,71.2906,71.2906,-7.0,79,90,3.6,US,1619562257
93,mindelo,16.8901,16.8901,22.0,68,20,7.2,CV,1619562335
94,kyzyl,51.7,51.7,5.2,81,100,1.79,RU,1619562335
95,hithadhoo,-0.6,-0.6,27.89,65,99,0.51,MV,1619562278
96,yazman,29.1212,29.1212,31.42,11,3,4.41,PK,1619562336
97,san patricio,28.017,28.017,26.11,83,90,8.23,US,1619562337
98,punta arenas,-53.15,-53.15,8.0,87,90,2.06,CL,1619562337
99,sinnamary,5.3833,5.3833,23.88,87,100,1.93,GF,1619562337
100,half moon bay,37.4636,37.4636,21.67,76,1,7.2,US,1619562338
101,eureka,40.8021,40.8021,16.11,65,3,2.24,US,1619562338
102,ribeira grande,38.5167,38.5167,16.04,80,98,6.41,PT,1619562339
103,acajutla,13.5928,13.5928,26.11,87,100,2.24,SV,1619562340
104,nikolskoye,59.7035,59.7035,2.22,69,0,1.23,RU,1619562340
105,krasnoselkup,65.7,65.7,-0.22,98,100,3.85,RU,1619562341
106,saskylakh,71.9167,71.9167,-2.66,91,97,4.78,RU,1619562341
107,saint-philippe,-21.3585,-21.3585,24.0,83,0,1.54,RE,1619562342
108,tuktoyaktuk,69.4541,69.4541,-8.0,57,20,3.6,CA,1619562084
109,inuvik,68.3499,68.3499,-2.0,37,2,2.57,CA,1619562343
110,kasongo-lunda,-6.4667,-6.4667,21.94,95,100,0.23,CD,1619562343
111,bathsheba,13.2167,13.2167,27.0,61,40,5.66,BB,1619562309
112,hailar,49.2,49.2,-1.12,94,100,8.56,CN,1619562344
113,umm lajj,25.0213,25.0213,25.62,59,0,3.88,SA,1619562333
114,bam,29.106,29.106,24.02,22,1,2.2,IR,1619562345
115,clyde river,70.4692,70.4692,-4.0,74,40,2.57,CA,1619562345
116,hami,42.8,42.8,12.18,18,26,3.42,CN,1619562345
117,mahanoro,-19.9,-19.9,22.24,92,98,2.31,MG,1619562346
118,bethel,41.3712,41.3712,19.44,24,1,4.63,US,1619562104
119,cockburn town,21.4612,21.4612,25.88,73,1,7.71,TC,1619562261
120,shasta lake,40.6804,40.6804,24.0,22,1,3.09,US,1619562261
121,san luis,-33.295,-33.295,17.0,54,0,2.86,AR,1619562085
122,walvis bay,-22.9575,-22.9575,16.11,88,0,1.54,NA,1619562348
123,hobyo,5.3505,5.3505,28.7,72,4,5.16,SO,1619562348
124,lunca bradului,46.956,46.956,1.11,73,100,2.5,RO,1619562349
125,mehamn,71.0357,71.0357,-2.43,81,100,6.21,NO,1619562349
126,ozinki,51.1786,51.1786,4.67,72,82,3.11,RU,1619562350
127,dongobesh,-4.0667,-4.0667,13.09,97,80,2.57,TZ,1619562350
128,kushmurun,52.4503,52.4503,8.98,95,56,6.24,KZ,1619562351
129,petropolis,59.8944,59.8944,2.22,69,0,2.21,RU,1619562169
130,zorgo,12.2489,12.2489,34.31,30,100,1.33,BF,1619562352
131,lokosovo,61.1333,61.1333,1.38,90,3,3.32,RU,1619562352
132,dingle,10.9995,10.9995,25.33,82,98,2.52,PH,1619562353
133,rochdale,53.6177,53.6177,7.78,92,97,0.45,GB,1619562353
134,marsa matruh,31.3525,31.3525,16.0,67,0,3.09,EG,1619562354
135,vaini,-21.2,-21.2,24.0,83,75,7.72,TO,1619562112
136,bredasdorp,-34.5322,-34.5322,11.0,87,100,1.03,ZA,1619562355
137,jupiter,26.9342,26.9342,27.0,44,40,3.6,US,1619562355
138,itarema,-2.9248,-2.9248,26.44,78,18,5.58,BR,1619562355
139,tasiilaq,65.6145,65.6145,3.0,87,75,5.66,GL,1619562106
140,laguna,38.421,38.421,27.22,17,1,4.63,US,1619562121
141,khatanga,71.9667,71.9667,-5.82,82,100,3.05,RU,1619562244
142,yulara,-25.2406,-25.2406,11.0,58,0,3.6,AU,1619562357
143,savona,44.3,44.3,15.0,99,99,3.24,IT,1619562358
144,namibe,-15.1961,-15.1961,24.16,68,14,3.65,AO,1619562358
145,ahipara,-35.1667,-35.1667,15.92,70,52,4.66,NZ,1619562296
146,bintulu,3.1667,3.1667,24.0,94,20,2.57,MY,1619562359
147,jeremie,18.65,18.65,27.44,68,5,5.15,HT,1619562359
148,harper,4.375,4.375,27.2,82,69,3.1,LR,1619562360
149,mahebourg,-20.4081,-20.4081,24.0,100,75,4.63,MU,1619562360
150,pacific grove,36.6177,36.6177,17.78,55,1,3.6,US,1619562112
151,rassvet,46.8333,46.8333,8.15,62,100,3.02,RU,1619562361
152,envira,-7.3,-7.3,24.74,85,95,1.08,BR,1619562361
153,fuerte olimpo,-21.0415,-21.0415,19.88,42,0,2.56,PY,1619562362
154,mayo,38.8876,38.8876,27.22,43,1,3.6,US,1619562362
155,kinston,35.2627,35.2627,29.0,24,1,5.14,US,1619562175
156,broome,42.2506,42.2506,21.0,32,75,2.06,US,1619562108
157,leningradskiy,69.3833,69.3833,-4.18,82,97,6.52,RU,1619562110
158,nemuro,43.3236,43.3236,4.47,75,77,1.77,JP,1619562364
159,desaguadero,-16.5656,-16.5656,9.89,39,45,4.38,PE,1619562364
160,lompoc,34.6391,34.6391,17.0,51,1,8.23,US,1619562106
161,port lincoln,-34.7333,-34.7333,16.18,64,93,1.44,AU,1619562365
162,gat,31.61,31.61,16.67,75,0,1.48,IL,1619562365
163,riyadh,24.6877,24.6877,30.0,20,75,4.12,SA,1619562171
164,gorom-gorom,14.4439,14.4439,34.56,21,17,2.59,BF,1619562366
165,buy,58.4786,58.4786,2.15,89,100,2.85,RU,1619562366
166,diamantino,-14.4086,-14.4086,24.17,68,83,0.85,BR,1619562074
167,evensk,61.95,61.95,-6.21,77,15,2.03,RU,1619562367
168,petatlan,17.5167,17.5167,30.0,66,1,4.12,MX,1619562367
169,kodiak,57.79,57.79,7.0,81,90,9.77,US,1619562105
170,voyvozh,62.892,62.892,2.03,90,100,1.49,RU,1619562368
171,poronaysk,49.2167,49.2167,2.56,66,84,2.77,RU,1619562368
172,melendugno,40.2747,40.2747,15.0,100,40,2.57,IT,1619562369
173,grindavik,63.8424,63.8424,6.0,100,75,2.57,IS,1619562369
174,kapaa,22.0752,22.0752,26.11,69,75,4.63,US,1619562370
175,souillac,-20.5167,-20.5167,24.0,100,75,4.63,MU,1619562370
176,esperance,-33.8667,-33.8667,10.0,100,75,2.06,AU,1619562371
177,hualmay,-11.0964,-11.0964,20.7,79,84,6.15,PE,1619562139
178,tura,25.5198,25.5198,24.79,51,90,2.11,IN,1619562371
179,dikson,73.5069,73.5069,-0.06,97,100,7.52,RU,1619562372
180,san vicente,-26.6167,-26.6167,13.01,61,0,1.36,AR,1619562372
181,manzil salim,35.8567,35.8567,17.0,55,40,3.09,TN,1619562372
182,buinsk,54.95,54.95,1.0,93,26,4.0,RU,1619562373
183,khasan,42.4308,42.4308,9.02,86,100,1.85,RU,1619562373
184,gillette,44.2911,44.2911,12.0,47,40,3.09,US,1619562374
185,srednekolymsk,67.45,67.45,-3.29,77,55,2.03,RU,1619562375
186,palaikastron,35.2,35.2,18.05,45,28,3.55,GR,1619562375
187,saint george,37.1041,37.1041,17.22,41,75,2.06,US,1619562368
188,oum hadjer,13.2954,13.2954,30.21,8,1,4.85,TD,1619562377
189,saint-francois,46.4154,46.4154,11.11,81,0,1.54,FR,1619562348
190,saldanha,-33.0117,-33.0117,15.0,88,96,1.54,ZA,1619562377
191,tukrah,32.5341,32.5341,25.63,23,13,9.35,LY,1619562378
192,buala,-8.145,-8.145,25.84,87,100,1.44,SB,1619562378
193,roald,62.5833,62.5833,3.0,81,40,5.14,NO,1619562379
194,takoradi,4.8845,4.8845,27.66,83,99,4.98,GH,1619562216
195,aksu,41.1231,41.1231,16.01,22,1,2.02,CN,1619562380
196,maracas,-13.4411,-13.4411,18.7,69,67,3.13,BR,1619562380
197,coldingham,55.8868,55.8868,4.44,87,89,0.45,GB,1619562381
198,dumka,24.2667,24.2667,27.51,14,1,2.41,IN,1619562381
199,atlantic city,39.3643,39.3643,25.0,56,1,3.6,US,1619562235
200,srandakan,-7.9386,-7.9386,25.99,79,100,3.49,ID,1619562382
201,auki,-8.7676,-8.7676,27.62,74,100,1.57,SB,1619562155
202,lahat,-3.8,-3.8,22.14,91,58,1.05,ID,1619562383
203,ylivieska,64.0833,64.0833,-1.67,43,19,0.45,FI,1619562383
204,weifang,36.71,36.71,10.71,53,100,3.2,CN,1619562384
205,te anau,-45.4167,-45.4167,5.72,75,96,0.69,NZ,1619562385
206,la ronge,55.1001,55.1001,-3.0,31,90,5.14,CA,1619562385
207,itoigawa,37.0333,37.0333,10.56,69,99,2.08,JP,1619562385
208,gamboula,4.1178,4.1178,20.65,97,96,1.56,CF,1619562386
209,arraial do cabo,-22.9661,-22.9661,21.0,88,75,2.57,BR,1619562386
210,guhagar,17.4842,17.4842,26.33,77,2,0.83,IN,1619562387
211,little chute,44.28,44.28,12.0,54,75,6.17,US,1619562387
212,oktyabrskoye,43.0645,43.0645,10.0,76,73,3.0,RU,1619562388
213,vostok,46.4856,46.4856,6.12,56,100,2.0,RU,1619562388
214,tursunzoda,38.5144,38.5144,15.0,47,0,3.02,TJ,1619562389
215,klaksvik,62.2266,62.2266,4.0,87,20,5.66,FO,1619562177
216,tambura,5.6,5.6,23.89,55,19,2.09,SS,1619562389
217,aglalana,11.1772,11.1772,24.79,84,99,1.73,PH,1619562390
218,yaan,7.3833,7.3833,28.51,67,81,4.62,NG,1619562390
219,puerto ayora,-0.7393,-0.7393,28.0,78,20,6.17,EC,1619562259
220,sumenep,-7.0167,-7.0167,26.06,78,73,4.44,ID,1619562391
221,victoria,22.2855,22.2855,23.89,90,97,4.48,HK,1619562392
222,rio grande,-32.035,-32.035,13.89,81,49,4.38,BR,1619562392
223,joshimath,30.5667,30.5667,12.08,48,67,3.96,IN,1619562393
224,seoul,37.5683,37.5683,12.0,87,75,4.12,KR,1619562393
225,savannah bight,16.45,16.45,30.0,66,40,4.63,HN,1619562394
226,fruitvale,39.0817,39.0817,9.0,66,75,5.66,US,1619562178
227,guerrero negro,27.9769,27.9769,19.08,53,1,7.35,MX,1619562212
228,fortuna,40.5982,40.5982,17.78,67,20,6.69,US,1619562395
229,flinders,-34.5833,-34.5833,15.56,90,100,0.45,AU,1619562395
230,gornopravdinsk,60.05,60.05,1.42,82,98,1.66,RU,1619562396
231,bengkulu,-3.8004,-3.8004,23.97,88,43,1.76,ID,1619562396
232,tessalit,20.1986,20.1986,33.49,9,28,2.51,ML,1619562397
233,chipiona,36.7366,36.7366,17.22,82,0,6.17,ES,1619562397
234,lieksa,63.3167,63.3167,-1.1,86,100,0.57,FI,1619562398
235,aransas pass,27.9095,27.9095,26.0,83,75,9.26,US,1619562398
236,georgetown,5.4112,5.4112,26.67,89,20,0.91,MY,1619562399
237,hengshui,37.7322,37.7322,11.56,22,10,0.49,CN,1619562399
238,bahadurganj,26.2667,26.2667,25.65,26,1,3.37,IN,1619562400
239,lavumisa,-27.31,-27.31,17.0,88,10,0.51,SZ,1619562400
240,tomatlan,19.9333,19.9333,32.61,30,93,6.05,MX,1619562331
241,ancud,-41.8697,-41.8697,13.33,82,100,3.6,CL,1619562401
242,ahuimanu,21.4447,21.4447,27.0,57,75,3.6,US,1619562402
243,padang,-0.9492,-0.9492,24.45,90,100,2.24,ID,1619562278
244,port blair,11.6667,11.6667,27.26,71,87,1.71,IN,1619562393
245,hirado,33.3597,33.3597,15.56,100,75,2.06,JP,1619562403
246,tahta,26.7693,26.7693,24.0,29,0,5.66,EG,1619562403
247,murgab,37.4966,37.4966,21.0,40,0,3.26,TM,1619562404
248,santa rosa de viterbo,-21.4728,-21.4728,26.0,47,0,2.06,BR,1619562317
249,sur,22.5667,22.5667,29.75,38,67,4.8,OM,1619562404
250,vila,42.0304,42.0304,11.67,93,32,1.34,PT,1619562267
251,oranjestad,12.524,12.524,28.0,74,20,7.72,AW,1619562405
252,lloydminster,53.2835,53.2835,0.0,47,75,5.14,CA,1619562317
253,aripuana,-9.1667,-9.1667,23.59,97,74,1.12,BR,1619562406
254,nuuk,64.1835,64.1835,2.0,87,22,4.12,GL,1619562406
255,kaitangata,-46.2817,-46.2817,8.89,63,92,2.24,NZ,1619562407
256,isiro,2.7739,2.7739,19.44,88,68,1.65,CD,1619562407
257,muravlenko,63.7898,63.7898,-0.28,98,94,6.51,RU,1619562408
258,bilibino,68.0546,68.0546,-8.15,88,94,0.97,RU,1619562409
259,olga,43.7444,43.7444,6.49,94,100,1.9,RU,1619562409
260,palmer,42.1584,42.1584,21.0,23,20,4.12,US,1619562398
261,ponta do sol,32.6667,32.6667,15.0,79,100,0.45,PT,1619562410
262,amnat charoen,15.9167,15.9167,23.87,83,100,3.42,TH,1619562410
263,la paz,-16.5,-16.5,10.24,45,16,1.01,BO,1619562411
264,tuatapere,-46.1333,-46.1333,9.44,78,97,4.02,NZ,1619562411
265,kavaratti,10.5669,10.5669,28.74,75,5,2.56,IN,1619562412
266,dongning,44.0622,44.0622,10.18,83,100,3.19,CN,1619562412
267,aasiaat,68.7098,68.7098,0.26,91,100,3.16,GL,1619562413
268,beyneu,45.3167,45.3167,16.37,52,99,4.55,KZ,1619562414
269,arlit,18.7369,18.7369,33.99,8,77,2.57,NE,1619562414
270,bealanana,-14.55,-14.55,18.21,99,94,1.02,MG,1619562415
271,bambous virieux,-20.3428,-20.3428,24.44,100,75,4.63,MU,1619562415
272,gorontalo,0.5412,0.5412,23.28,93,5,1.07,ID,1619562322
273,kenai,60.5544,60.5544,14.0,30,1,6.69,US,1619562335
274,cap malheureux,-19.9842,-19.9842,24.44,87,100,2.24,MU,1619562345
275,sioux lookout,50.1001,50.1001,13.0,44,40,2.57,CA,1619562417
276,trairi,-3.2778,-3.2778,25.91,78,38,4.15,BR,1619562417
277,koltubanovskiy,52.9407,52.9407,5.3,79,78,4.85,RU,1619562418
278,aranos,-24.1333,-24.1333,22.74,27,37,4.8,NA,1619562418
279,gravdal,68.1214,68.1214,1.71,68,100,3.93,NO,1619562419
280,kupang,-10.1667,-10.1667,22.25,80,17,2.34,ID,1619562419
281,ratnagiri,16.9833,16.9833,26.76,80,2,1.67,IN,1619562420
282,makakilo city,21.3469,21.3469,27.22,65,90,4.63,US,1619562132
283,vao,-22.6667,-22.6667,22.69,53,57,7.63,NC,1619562421
284,olbia,40.9214,40.9214,17.0,77,40,1.54,IT,1619562422
285,tyup,42.7276,42.7276,9.44,39,0,0.74,KG,1619562422
286,thompson,55.7435,55.7435,-3.0,50,75,8.23,CA,1619562135
287,tweed,44.4751,44.4751,14.44,50,100,0.89,CA,1619562423
288,vardo,70.3705,70.3705,-2.0,86,75,4.63,NO,1619562424
289,eyl,7.9803,7.9803,28.53,71,2,3.13,SO,1619562424
290,bac lieu,9.285,9.285,27.53,75,100,2.52,VN,1619562424
291,muros,42.7762,42.7762,13.33,79,14,6.55,ES,1619562425
292,sisimiut,66.9395,66.9395,0.95,87,72,2.77,GL,1619562317
293,cesky brod,50.0742,50.0742,6.0,45,0,4.63,CZ,1619562426
294,egvekinot,66.3167,66.3167,-3.66,92,100,0.67,RU,1619562416
295,kuryk,43.2,43.2,14.53,64,97,3.88,KZ,1619562427
296,douentza,14.9951,14.9951,35.27,13,53,1.21,ML,1619562428
297,bonthe,7.5264,7.5264,27.27,77,87,3.4,SL,1619562428
298,miyako,39.6367,39.6367,12.02,47,87,0.78,JP,1619562429
299,nichinan,31.6,31.6,17.0,94,75,0.51,JP,1619562429
300,faanui,-16.4833,-16.4833,27.62,72,22,4.52,PF,1619562429
301,hasaki,35.7333,35.7333,16.67,77,75,3.09,JP,1619562430
302,san jose,37.3394,37.3394,23.33,30,20,6.69,US,1619562326
303,antofagasta,-23.65,-23.65,18.0,68,0,3.09,CL,1619562342
304,arcata,40.8665,40.8665,16.11,71,1,5.14,US,1619562432
305,danilov,58.1908,58.1908,0.86,90,100,2.44,RU,1619562432
306,coihaique,-45.5752,-45.5752,13.0,50,75,5.14,CL,1619562316
307,marzuq,14.4,14.4,21.79,71,99,0.03,YE,1619562434
308,tiksi,71.6872,71.6872,-15.19,92,55,3.09,RU,1619562434
309,mogadishu,2.0371,2.0371,28.18,76,46,4.86,SO,1619562435
310,bowen,-20.0167,-20.0167,21.0,88,75,4.63,AU,1619562436
311,byron bay,-28.65,-28.65,16.67,94,90,1.03,AU,1619562436
312,praia da vitoria,38.7333,38.7333,15.56,88,75,5.25,PT,1619562436
313,fukuma,33.7667,33.7667,17.0,94,75,1.54,JP,1619562437
314,green river,41.5286,41.5286,8.0,71,75,7.2,US,1619562437
315,hervey bay,-25.2986,-25.2986,17.78,86,20,1.34,AU,1619562438
316,tefe,-3.3542,-3.3542,27.0,89,40,1.54,BR,1619562438
317,east london,-33.0153,-33.0153,18.79,73,90,4.96,ZA,1619562439
318,saint-augustin,51.226,51.226,2.96,98,100,4.55,CA,1619562440
319,nanyang,32.9947,32.9947,16.34,59,100,1.44,CN,1619562440
320,alenquer,-1.9417,-1.9417,25.0,100,40,1.03,BR,1619562441
321,morondava,-20.2833,-20.2833,23.05,89,1,2.96,MG,1619562393
322,ebeltoft,56.1944,56.1944,3.33,80,100,0.51,DK,1619562441
323,garden city,42.3256,42.3256,31.0,32,40,10.8,US,1619562442
324,ternate,0.8,0.8,27.02,79,2,1.5,ID,1619562442
325,cabra,37.4725,37.4725,15.0,83,67,0.45,ES,1619562442
326,chubbuck,42.9208,42.9208,12.22,50,40,4.12,US,1619562443
327,kosh-agach,50.0,50.0,0.59,77,93,0.36,RU,1619562444
328,svetlogorsk,52.6333,52.6333,-0.08,93,32,2.91,BY,1619562444
329,lethem,3.3803,3.3803,28.0,78,40,5.14,GY,1619562444
330,amapa,1.0,1.0,22.82,97,99,1.43,BR,1619562281
331,alofi,-19.0595,-19.0595,27.8,79,99,10.91,NU,1619562445
332,malartic,48.1335,48.1335,12.0,24,90,2.57,CA,1619562446
333,vilhena,-12.7406,-12.7406,23.0,83,0,2.57,BR,1619562446
334,rodrigues alves,-7.738,-7.738,26.0,83,75,2.06,BR,1619562447
335,abu zabad,12.35,12.35,28.42,11,74,4.21,SD,1619562447
336,zeljezno polje,44.4083,44.4083,10.0,93,75,1.54,BA,1619562448
337,massaguet,12.4755,12.4755,30.0,10,1,3.6,TD,1619562448
338,beroroha,-21.6667,-21.6667,21.09,88,15,0.79,MG,1619562449
339,nouadhibou,20.931,20.931,19.0,88,0,5.66,MR,1619562449
340,pokhara,28.2333,28.2333,21.86,21,1,3.42,NP,1619562450
341,hofn,64.2539,64.2539,6.46,72,4,3.22,IS,1619562314
342,nsanje,-16.92,-16.92,21.98,91,35,0.97,MW,1619562182
343,jishou,28.3167,28.3167,14.88,91,71,0.96,CN,1619562451
344,udachnyy,66.4167,66.4167,-13.0,95,48,2.22,RU,1619562253
345,bagdarin,54.4333,54.4333,-6.78,55,100,3.4,RU,1619562451
346,zhanakorgan,43.9098,43.9098,21.36,19,0,0.74,KZ,1619562452
347,zhangye,38.9342,38.9342,6.1,30,13,1.41,CN,1619562452
348,marawi,7.9986,7.9986,23.33,87,37,3.13,PH,1619562453
349,pisco,-13.7,-13.7,20.0,83,0,9.26,PE,1619562176
350,lebu,-37.6167,-37.6167,14.19,94,68,1.03,CL,1619562453
351,severo-kurilsk,50.6789,50.6789,1.06,96,100,8.07,RU,1619562454
352,coahuayana,18.7333,18.7333,31.0,42,40,5.14,MX,1619562454
353,lasa,46.6166,46.6166,13.0,81,75,4.12,IT,1619562378
354,jodhpur,26.2867,26.2867,29.18,24,2,4.7,IN,1619562455
355,chino valley,34.7575,34.7575,11.11,70,90,3.09,US,1619562456
356,wum,6.3833,6.3833,19.63,89,100,2.2,CM,1619562456
357,sao joao da barra,-21.6403,-21.6403,25.0,88,90,2.57,BR,1619562251
358,mariental,-24.6333,-24.6333,23.24,28,80,2.99,NA,1619562457
359,gizo,-8.103,-8.103,27.52,74,99,1.73,SB,1619562457
360,ranfurly,-45.1333,-45.1333,5.56,71,33,2.19,NZ,1619562458
361,mtsamboro,-12.6998,-12.6998,27.0,83,0,2.57,YT,1619562458
362,springhill,33.006,33.006,23.89,83,100,3.9,US,1619562459
363,buraydah,26.326,26.326,29.0,28,40,1.54,SA,1619562357
364,zemetchino,53.4973,53.4973,2.07,79,30,6.42,RU,1619562459
365,constantine,36.365,36.365,13.0,76,40,0.51,DZ,1619562460
366,novyy urgal,51.0736,51.0736,7.51,90,100,2.22,RU,1619562460
367,cajibio,2.6227,2.6227,16.44,96,100,1.26,CO,1619562461
368,gushikawa,26.3544,26.3544,21.0,73,75,2.57,JP,1619562462
369,tadine,-21.55,-21.55,23.75,50,70,6.44,NC,1619562462
370,sao gabriel da cachoeira,-0.1303,-0.1303,24.77,94,71,0.18,BR,1619562463
371,siavonga,-16.5382,-16.5382,23.56,59,6,1.22,ZM,1619562463
372,nanortalik,60.1432,60.1432,1.28,89,5,3.27,GL,1619562463
373,kisangani,0.5167,0.5167,23.26,84,57,0.99,CD,1619562464
374,nome,64.5011,64.5011,5.0,60,1,2.57,US,1619562296
375,limanowa,49.7059,49.7059,3.33,63,23,2.11,PL,1619562465
376,faya,18.3851,18.3851,14.0,82,0,1.56,SA,1619562465
377,puerto baquerizo moreno,-0.9,-0.9,28.0,74,20,6.69,EC,1619562466
378,lusambo,-4.9667,-4.9667,21.33,97,80,0.97,CD,1619562466
379,carman,49.4992,49.4992,18.0,25,40,2.06,CA,1619562467
380,konevo,62.1215,62.1215,-0.93,97,100,1.93,RU,1619562467
381,hurghada,27.2574,27.2574,23.0,23,0,4.63,EG,1619562356
382,bonavista,48.6499,48.6499,5.0,93,100,3.09,CA,1619562468
383,zhengjiatun,43.5064,43.5064,9.32,27,49,6.77,CN,1619562468
384,kurkino,53.4257,53.4257,1.33,78,62,5.64,RU,1619562469
385,henties bay,-22.116,-22.116,16.11,89,0,0.89,NA,1619562469
386,sola,-13.8833,-13.8833,28.0,78,20,4.22,VU,1619562470
387,cienfuegos,22.1461,22.1461,29.0,70,22,5.14,CU,1619562470
388,inirida,3.8653,3.8653,23.06,98,100,0.75,CO,1619562471
389,japura,-0.3167,-0.3167,22.16,99,84,0.55,ID,1619562472
390,sitka,57.0531,57.0531,9.0,66,90,5.14,US,1619562248
391,breves,-1.6822,-1.6822,23.95,93,100,0.54,BR,1619562472
392,yabrud,33.9674,33.9674,13.0,76,0,4.12,SY,1619562473
393,pitimbu,-7.4706,-7.4706,26.0,89,0,2.57,BR,1619562473
394,lanzhot,48.7244,48.7244,8.33,61,61,4.68,CZ,1619562474
395,san antonio,29.4241,29.4241,25.0,73,90,5.66,US,1619562214
396,saint-pierre,-21.3393,-21.3393,24.0,83,0,1.54,RE,1619562475
397,brattleboro,42.8509,42.8509,18.89,35,90,0.89,US,1619562475
398,cumana,10.4635,10.4635,30.0,58,100,7.2,VE,1619562213
399,biltine,14.5333,14.5333,29.24,9,2,3.94,TD,1619562476
400,innisfail,-17.5333,-17.5333,21.68,81,97,2.37,AU,1619562476
401,jiazi,22.8779,22.8779,21.86,91,100,2.97,CN,1619562477
402,namtsy,62.7161,62.7161,-8.0,73,75,5.0,RU,1619562478
403,yorosso,12.3536,12.3536,32.85,31,99,4.61,ML,1619562479
404,pangnirtung,66.1451,66.1451,-7.0,86,20,3.6,CA,1619562479
405,narsaq,60.9167,60.9167,4.25,71,2,1.54,GL,1619562479
406,gisors,49.2818,49.2818,8.0,61,0,1.54,FR,1619562481
407,tagbac,7.089,7.089,24.0,100,75,2.57,PH,1619562482
408,cherskiy,68.75,68.75,-5.23,87,42,4.58,RU,1619562483
409,bastrop,32.7562,32.7562,26.0,78,90,4.08,US,1619562483
410,wanaka,-44.7,-44.7,7.03,52,28,1.67,NZ,1619562484
411,gornoye loo,43.7129,43.7129,8.0,93,80,3.0,RU,1619562484
412,kapoeta,4.7717,4.7717,24.94,62,17,3.07,SS,1619562485
413,nouakchott,18.0858,18.0858,20.0,83,0,5.66,MR,1619562341
414,berlevag,70.8578,70.8578,-3.0,93,90,6.17,NO,1619562485
415,maputo,-25.9653,-25.9653,25.0,69,0,3.6,MZ,1619562486
416,carnot,4.9409,4.9409,21.26,94,100,1.33,CF,1619562487
417,pendleton,45.6721,45.6721,20.0,27,1,5.66,US,1619562487
418,great falls,47.5002,47.5002,18.0,19,1,3.6,US,1619562448
419,olinda,-8.0089,-8.0089,27.0,69,20,4.12,BR,1619562253
420,aykhal,66.0,66.0,-12.17,99,93,2.81,RU,1619562240
421,nanning,22.8167,22.8167,20.0,88,20,2.0,CN,1619562488
422,borujerd,33.8973,33.8973,16.48,45,100,1.87,IR,1619562489
423,ginir,7.1333,7.1333,14.45,86,65,1.61,ET,1619562489
424,tosya,41.0155,41.0155,11.74,56,34,1.21,TR,1619562490
425,cabras,39.93,39.93,11.67,90,15,3.13,IT,1619562491
426,cidreira,-30.1811,-30.1811,16.34,65,0,4.21,BR,1619562491
427,oistins,13.0667,13.0667,27.0,61,40,5.66,BB,1619562492
428,oni,42.5794,42.5794,12.66,91,85,0.93,GE,1619562492
429,loa janan,-0.583,-0.583,22.6,99,67,0.35,ID,1619562492
430,teya,60.3778,60.3778,1.53,90,100,1.75,RU,1619562493
431,beringovskiy,63.05,63.05,0.18,98,100,2.46,RU,1619562375
432,silver city,32.7701,32.7701,18.0,19,90,9.77,US,1619562494
433,constitucion,-35.3333,-35.3333,15.02,72,36,4.9,CL,1619562495
434,xining,36.6167,36.6167,-0.12,78,16,0.27,CN,1619562495
435,keflavik,64.0049,64.0049,6.0,100,75,2.57,IS,1619562495
436,sciacca,37.5082,37.5082,15.0,100,0,2.06,IT,1619562496
437,filingue,14.3521,14.3521,35.0,9,0,4.62,NE,1619562496
438,iqaluit,63.7506,63.7506,-4.0,63,20,1.54,CA,1619562497
439,kirkuk,35.4681,35.4681,20.24,34,0,1.02,IQ,1619562229
440,helong,42.5397,42.5397,8.24,74,81,3.48,CN,1619562498
441,komsomolskiy,40.4272,40.4272,19.0,67,0,0.63,UZ,1619562498
442,penzance,50.1186,50.1186,9.0,81,40,6.17,GB,1619562498
443,canatlan,24.5167,24.5167,26.0,17,40,10.29,MX,1619562499
444,moengo,5.6167,5.6167,22.94,98,100,0.79,SR,1619562500
445,yumen,40.2833,40.2833,7.71,24,68,4.69,CN,1619562500
446,pathein,16.7833,16.7833,25.42,84,40,2.12,MM,1619562501
447,luang prabang,19.8856,19.8856,22.23,93,71,0.37,LA,1619562501
448,khash,28.2211,28.2211,21.65,23,45,0.85,IR,1619562502
449,west des moines,41.572,41.572,27.22,47,90,7.72,US,1619562502
450,kawalu,-7.3817,-7.3817,22.46,96,89,0.36,ID,1619562502
451,dalvik,65.9702,65.9702,4.0,81,0,3.09,IS,1619562503
452,provideniya,64.3833,64.3833,0.0,86,90,3.38,RU,1619562245
453,north bend,43.4065,43.4065,17.0,59,1,3.09,US,1619562252
454,lyantonde,-0.4031,-0.4031,17.29,90,20,1.32,UG,1619562504
455,nosy varika,-20.5833,-20.5833,21.92,92,37,2.07,MG,1619562504
456,puri,19.8,19.8,28.0,89,40,4.63,IN,1619562505
457,banikoara,11.2985,11.2985,31.37,40,75,1.36,BJ,1619562506
458,gejiu,23.306,23.306,12.75,95,100,1.52,CN,1619562506
459,shakawe,-18.3667,-18.3667,20.03,60,66,2.07,BW,1619562507
460,madera,37.1666,37.1666,21.67,33,1,0.89,US,1619562211
461,ventimiglia,43.7935,43.7935,13.33,94,75,3.6,IT,1619562508
462,torbay,47.6666,47.6666,7.78,93,90,3.6,CA,1619562508
463,nueve de julio,-35.4444,-35.4444,14.44,80,24,1.69,AR,1619562509
464,gunjur,13.2019,13.2019,22.0,73,0,5.14,GM,1619562510
465,troy,42.6056,42.6056,28.0,32,1,4.12,US,1619562452
466,luebo,-5.35,-5.35,21.47,97,100,1.04,CD,1619562511
467,cortes,41.9395,41.9395,14.0,87,20,2.57,ES,1619562512
468,haileybury,47.449,47.449,12.0,50,90,2.57,CA,1619562512
469,tuy hoa,13.0833,13.0833,24.81,88,100,0.52,VN,1619562513
470,bayanday,53.0661,53.0661,-3.73,78,16,1.44,RU,1619562269
471,azul,-36.777,-36.777,13.97,79,24,2.23,AR,1619562471
472,taoudenni,22.6783,22.6783,35.89,11,42,3.22,ML,1619562221
473,richards bay,-28.783,-28.783,22.92,86,59,5.64,ZA,1619562514
474,dongargaon,20.9667,20.9667,27.19,17,2,0.67,IN,1619562514
475,bubaque,11.2833,11.2833,25.74,68,8,9.67,GW,1619562515
476,taman,45.2117,45.2117,10.0,81,100,2.0,RU,1619562515
477,finnsnes,69.2296,69.2296,-3.0,80,40,0.51,NO,1619562516
478,dhone,15.4167,15.4167,29.24,49,3,2.01,IN,1619562516
479,sovetskiy,61.3614,61.3614,0.95,84,2,1.77,RU,1619562376
480,cabadiangan,9.7531,9.7531,24.69,83,80,2.64,PH,1619562517
481,opuwo,-18.0607,-18.0607,18.57,51,14,2.19,NA,1619562518
482,zilair,52.2332,52.2332,2.53,98,78,3.82,RU,1619562518
483,bandarbeyla,9.4942,9.4942,28.42,73,100,2.62,SO,1619562519
484,okha,53.5739,53.5739,-1.15,73,50,6.87,RU,1619562519
485,lewistown,40.5992,40.5992,27.0,29,1,2.06,US,1619562520
486,comodoro rivadavia,-45.8667,-45.8667,23.0,38,75,9.77,AR,1619562520
487,panama city,8.9936,8.9936,32.0,51,20,5.66,PA,1619562267
488,atar,20.5169,20.5169,29.38,19,87,3.77,MR,1619562521
489,kaposvar,46.3667,46.3667,10.0,81,100,1.03,HU,1619562300
490,sheridan,44.8333,44.8333,15.0,33,20,1.54,US,1619562491
491,sorland,67.667,67.667,2.41,67,100,6.15,NO,1619562522
492,poum,-20.2333,-20.2333,23.88,56,0,8.54,NC,1619562522
493,vanimo,-2.6741,-2.6741,26.65,82,29,1.31,PG,1619562523
494,chilca,-12.5211,-12.5211,18.33,82,75,5.14,PE,1619562523
495,boa esperanca,-21.09,-21.09,19.76,76,37,1.32,BR,1619562524
496,san quintin,30.4833,30.4833,14.26,74,98,6.14,MX,1619562525
497,margate,51.3813,51.3813,8.89,83,7,0.89,GB,1619562525
498,vila velha,-20.3297,-20.3297,26.0,78,20,2.06,BR,1619562526
499,port-gentil,-0.7193,-0.7193,28.0,83,75,1.03,GA,1619562526
500,peniche,39.3558,39.3558,15.0,83,25,3.13,PT,1619562527
501,pleszew,51.8964,51.8964,4.44,63,2,3.72,PL,1619562527
502,galesong,-5.3166,-5.3166,23.0,100,20,1.03,ID,1619562528
503,tiarei,-17.5333,-17.5333,31.0,62,40,3.09,PF,1619562528
504,havelock,34.8791,34.8791,23.0,56,1,8.23,US,1619562529
505,weligama,5.9667,5.9667,26.05,85,80,2.16,LK,1619562529
506,petrozavodsk,61.7849,61.7849,-1.0,64,59,1.0,RU,1619562530
507,alyangula,-13.8483,-13.8483,24.0,100,90,2.57,AU,1619562531
508,port lavaca,28.615,28.615,26.0,78,90,5.14,US,1619562531
509,pecos,31.4229,31.4229,34.0,9,1,7.2,US,1619562532
510,airai,-8.9266,-8.9266,13.5,67,10,0.7,TL,1619562532
511,boende,-0.2167,-0.2167,23.19,91,36,0.85,CD,1619562533
512,shingu,33.7333,33.7333,16.9,84,100,2.65,JP,1619562533
513,okhotsk,59.3833,59.3833,-2.29,85,88,0.84,RU,1619562534
514,wuwei,37.9281,37.9281,7.05,29,3,3.94,CN,1619562534
515,santa maria,-29.6842,-29.6842,16.0,67,0,1.54,BR,1619562535
516,poretskoye,55.1974,55.1974,0.8,85,4,3.84,RU,1619562536
517,tezu,27.9167,27.9167,24.59,33,88,1.53,IN,1619562281
518,kismayo,-0.3582,-0.3582,27.48,79,55,4.19,SO,1619562537
519,acarau,-2.8856,-2.8856,26.27,80,23,5.31,BR,1619562537
520,shenavan,40.0549,40.0549,18.0,42,100,4.12,AM,1619562537
521,tazmalt,36.3868,36.3868,16.15,74,77,0.94,DZ,1619562538
522,tsuruoka,38.7217,38.7217,11.0,58,75,2.57,JP,1619562538
523,mokhsogollokh,61.4681,61.4681,-7.82,81,100,3.99,RU,1619562539
524,paamiut,61.994,61.994,2.31,83,0,6.57,GL,1619562298
525,namatanai,-3.6667,-3.6667,28.05,77,39,3.32,PG,1619562539
526,les escoumins,48.1111,48.1111,9.0,87,100,3.6,CA,1619562540
527,birao,10.2849,10.2849,27.87,44,42,1.96,CF,1619562540
528,monterey,36.2505,36.2505,20.56,43,2,9.39,US,1619562347
529,kilindoni,-7.9139,-7.9139,26.77,82,70,4.06,TZ,1619562541
530,broken hill,-31.95,-31.95,10.0,62,62,1.54,AU,1619562542
531,simpang,-1.2667,-1.2667,22.85,94,90,0.9,ID,1619562543
532,karratha,-20.7377,-20.7377,23.8,25,0,5.01,AU,1619562543
533,hlatikulu,-26.9667,-26.9667,17.0,88,9,0.51,SZ,1619562544
534,grand gaube,-20.0064,-20.0064,24.44,87,100,2.24,MU,1619562410
535,nalus,6.0122,6.0122,25.9,78,56,1.47,PH,1619562545
536,novokizhinginsk,51.6115,51.6115,-4.47,63,11,4.79,RU,1619562545
537,stornoway,58.2093,58.2093,7.0,76,75,7.2,GB,1619562546
538,rocha,-34.4833,-34.4833,12.01,84,0,2.32,UY,1619562546
539,reguengos de monsaraz,38.4253,38.4253,13.0,94,20,3.6,PT,1619562547
540,rio cuarto,-33.1307,-33.1307,19.0,48,0,4.63,AR,1619562547
541,camacha,33.0833,33.0833,18.0,77,40,3.09,PT,1619562548
542,manjacaze,-24.7117,-24.7117,20.41,76,0,3.35,MZ,1619562548
543,ust-nera,64.5667,64.5667,-3.25,91,100,1.57,RU,1619562549
544,qandala,11.472,11.472,29.7,66,81,1.97,SO,1619562351
545,moerai,-22.4333,-22.4333,25.66,70,66,3.1,PF,1619562550
546,keti bandar,24.1447,24.1447,26.54,80,0,3.17,PK,1619562550
547,south lake tahoe,38.9332,38.9332,10.56,45,90,3.6,US,1619562304
548,college,64.8569,64.8569,7.78,21,75,4.63,US,1619562343
549,kosikha,53.3617,53.3617,10.0,76,75,3.0,RU,1619562551
550,biak,-0.9131,-0.9131,24.39,84,14,1.56,ID,1619562552
551,xixiang,35.1628,35.1628,15.15,29,100,2.1,CN,1619562552
552,sucua,-2.4667,-2.4667,20.0,94,75,2.57,EC,1619562553
553,lima,-12.0432,-12.0432,18.33,82,75,5.14,PE,1619562553
554,javanrud,34.7961,34.7961,12.44,76,100,2.04,IR,1619562554
555,xiaoweizhai,26.1903,26.1903,14.35,96,100,1.41,CN,1619562554
556,rong kwang,18.339,18.339,23.08,91,88,0.49,TH,1619562554
557,havoysund,70.9963,70.9963,-2.0,86,90,4.12,NO,1619562555
558,tomohon,1.3346,1.3346,22.0,100,20,1.03,ID,1619562556
559,kushnarenkovo,55.105,55.105,4.0,93,0,5.0,RU,1619562557
560,changtu,42.7788,42.7788,8.34,36,9,4.14,CN,1619562557
561,clevelandia,-26.3958,-26.3958,11.24,61,0,1.53,BR,1619562558
562,ankazoabo,-22.2833,-22.2833,19.97,84,2,1.61,MG,1619562558
563,patan,27.6667,27.6667,17.0,59,20,1.48,NP,1619562559
564,alihe,50.5667,50.5667,2.36,61,36,1.14,CN,1619562559
565,ulaanbaatar,47.9077,47.9077,-5.0,86,0,1.0,MN,1619562560
566,rio gallegos,-51.6226,-51.6226,9.0,87,40,1.03,AR,1619562560
567,alcaniz,41.05,41.05,11.67,96,97,1.52,ES,1619562561
568,sechura,-5.5569,-5.5569,25.25,60,61,7.42,PE,1619562498
569,giporlos,11.12,11.12,24.7,86,81,2.92,PH,1619562561
570,mangaratiba,-22.9597,-22.9597,23.0,83,75,2.57,BR,1619562562
571,tual,-5.6667,-5.6667,28.37,64,55,2.47,ID,1619562324
572,lumberton,34.6182,34.6182,29.0,50,1,6.17,US,1619562563
573,madras,13.0878,13.0878,28.0,83,40,1.54,IN,1619562484
574,bezhta,42.1338,42.1338,8.22,99,100,1.98,RU,1619562564
575,linqiong,30.4159,30.4159,14.0,94,40,2.0,CN,1619562564
576,suntar,62.1444,62.1444,-6.35,82,42,1.0,RU,1619562565
577,bafq,31.6128,31.6128,25.3,28,93,1.3,IR,1619562565
